,Artist,Total Views,100M,Avg
0,BTS,"27,947.9",63.0,7.37
1,Bad Bunny,"27,573.4",66.0,14.56
2,Justin Bieber,"27,399.7",37.0,3.99
3,Ed Sheeran,"26,894.0",39.0,4.61
4,Taylor Swift,"24,350.0",38.0,5.72
5,Shakira,"23,961.8",43.0,7.84
6,Katy Perry,"23,553.4",25.0,3.18
7,Ozuna,"22,524.8",49.0,4.93
8,Eminem,"20,937.7",38.0,5.84
9,Ariana Grande,"20,618.5",37.0,3.37
10,Daddy Yankee,"20,485.2",41.0,4.54
11,J Balvin,"20,436.9",34.0,3.19
12,Blackpink,"20,082.0",32.0,8.63
13,Maroon 5,"19,430.1",30.0,3.26
14,Rihanna,"18,683.8",33.0,3.91
15,Maluma,"18,479.8",30.0,3.11
16,The Weeknd,"17,668.9",30.0,8.52
17,Bruno Mars,"16,897.5",20.0,4.19
18,Marília Mendonça,"16,515.8",53.0,6.4
19,Enrique Iglesias,"16,395.2",29.0,2.66
20,David Guetta,"15,484.6",29.0,3.74
21,Nicky Jam,"14,982.5",29.0,1.67
22,Coldplay,"14,849.0",21.0,4.05
23,Beyoncé,"14,681.4",37.0,2.95
24,Calvin Harris,"14,270.5",22.0,2.09
25,Luis Fonsi,"14,242.4",12.0,1.57
26,Romeo Santos,"14,113.2",26.0,4.77
27,Marshmello,"14,020.7",29.0,2.72
28,Karol G,"13,981.8",26.0,6.59
29,Imagine Dragons,"13,444.2",18.0,4.88
30,Henrique e Juliano,"13,210.1",37.0,4.97
31,Chris Brown,"13,165.0",37.0,3.84
32,Lady Gaga,"13,156.0",28.0,4.27
33,Gusttavo Lima,"12,899.1",35.0,4.19
34,The Chainsmokers,"12,561.5",19.0,1.6
35,Guru Randhawa,"12,413.4",33.0,21.63
36,Alan Walker,"12,329.8",18.0,2.47
37,Adele,"12,329.6",17.0,2.6
38,Wiz Khalifa,"12,175.3",13.0,1.9
39,Anuel AA,"12,111.8",23.0,7.48
40,Pitbull,"11,989.9",21.0,2.08
41,One Direction,"11,904.4",18.0,1.78
42,Banda MS,"11,847.7",26.0,2.66
43,TWICE,"11,667.0",24.0,3.68
44,Michael Jackson,"11,662.2",23.0,3.42
45,Sia,"11,545.7",17.0,2.52
46,Post Malone,"11,345.7",18.0,3.21
47,Neha Kakkar,"11,283.5",20.0,2.44
48,Gummibär,"11,225.7",13.0,2.72
49,Selena Gomez,"11,062.8",29.0,3.54
50,Linkin Park,"11,044.5",25.0,2.68
51,Shawn Mendes,"10,923.6",16.0,2.01
52,Arijit Singh,"10,850.3",23.0,3.16
53,YoungBoy Never Broke Again,"10,593.7",26.0,4.87
54,Drake,"10,361.2",18.0,3.22
55,Billie Eilish,"10,290.2",22.0,3.04
56,twenty one pilots,"10,147.7",14.0,2.03
57,Zé Neto e Cristiano,"10,133.5",26.0,1.72
58,Los Ángeles Azules,"10,070.7",26.0,4.09
59,PSY,"9,970.6",10.0,2.22
60,Yo Yo Honey Singh,"9,522.4",32.0,3.36
61,Jennifer Lopez,"9,282.3",24.0,1.63
62,Becky G,"9,280.8",11.0,1.74
63,Dua Lipa,"9,258.1",16.0,2.84
64,The Black Eyed Peas,"9,223.4",19.0,2.5
65,Avicii,"9,135.6",17.0,1.55
66,Queen,"9,081.0",16.0,1.88
67,Sebastián Yatra,"9,012.3",19.0,2.76
68,Nicki Minaj,"9,000.9",26.0,2.02
69,Rauw Alejandro,"8,927.2",20.0,5.19
70,Major Lazer,"8,826.7",12.0,1.19
71,XXXTENTACION,"8,823.3",18.0,1.62
72,DJ Snake,"8,530.6",13.0,1.89
73,Charlie Puth,"8,393.3",10.0,1.95
74,Jorge & Mateus,"8,380.3",22.0,2.69
75,Sam Smith,"8,294.6",13.0,2.19
76,Future,"8,146.9",13.0,2.3
77,Farruko,"8,116.8",20.0,2.19
78,Jason Derulo,"8,105.5",22.0,1.05
79,BIGBANG,"8,046.3",21.0,1.04
80,50 Cent,"8,010.8",15.0,2.61
81,Skrillex,"7,946.0",16.0,0.89
82,Martin Garrix,"7,827.2",14.0,1.2
83,Badshah,"7,822.3",16.0,2.78
84,Miley Cyrus,"7,750.1",19.0,1.6
85,Wesley Safadão,"7,529.7",15.0,3.06
86,MattyB,"7,424.6",21.0,1.34
87,Reik,"7,315.1",20.0,2.48
88,Fifth Harmony,"7,313.4",8.0,1.01
89,Anitta,"7,278.0",22.0,1.72
90,Natti Natasha,"7,199.6",13.0,1.78
91,6ix9ine,"7,164.4",14.0,0.96
92,HA-ASH,"7,159.5",16.0,1.82
93,Meghan Trainor,"7,135.3",7.0,1.99
94,CantaJuego,"7,133.6",12.0,2.27
95,Paulo Londra,"7,086.4",15.0,2.37
96,Britney Spears,"7,029.7",25.0,1.47
97,Guns N' Roses,"7,020.6",8.0,1.78
98,Arcangel,"7,017.4",14.0,4.78
99,Crazy Frog,"6,960.4",12.0,3.98
100,Clean Bandit,"6,930.8",8.0,0.97
101,P!nk,"6,849.0",18.0,1.52
102,Chino & Nacho,"6,823.4",13.0,0.96
103,Little Mix,"6,732.3",17.0,1.0
104,Migos,"6,721.1",11.0,1.39
105,Matheus & Kauan,"6,714.9",16.0,1.97
106,Don Omar,"6,702.8",15.0,2.37
107,Christian Nodal,"6,622.5",17.0,3.27
108,CNCO,"6,618.3",14.0,0.66
109,Cardi B,"6,573.8",12.0,0.96
110,Mariah Carey,"6,559.4",16.0,1.82
111,AC/DC,"6,536.9",13.0,1.75
112,OneRepublic,"6,517.6",10.0,1.66
113,Demi Lovato,"6,432.4",13.0,0.62
114,Kevin Gates,"6,404.7",11.0,1.55
115,Ricky Martin,"6,390.7",10.0,0.9
116,Piso 21,"6,375.3",10.0,1.84
117,Maître Gims,"6,325.5",17.0,1.4
118,Juice WRLD,"6,317.2",13.0,2.54
119,Idina Menzel,"6,308.3",7.0,2.6
120,Boyce Avenue,"6,300.3",10.0,0.96
121,Prince Royce,"6,246.8",14.0,1.78
122,Ellie Goulding,"6,235.1",10.0,0.67
123,EXO,"6,215.5",16.0,0.96
124,DJ Khaled,"6,195.1",11.0,1.04
125,Justin Timberlake,"6,105.6",12.0,1.14
126,Thalia,"6,024.0",12.0,1.07
127,Travis Scott,"6,007.9",14.0,1.37
128,Sidhu Moose Wala,"5,992.2",18.0,5.75
129,Lil Baby,"5,916.0",18.0,3.23
130,Jass Manak,"5,887.3",15.0,1.51
131,Inna,"5,866.9",15.0,1.42
132,Cartel de Santa,"5,816.6",18.0,2.08
133,Patati Patatá,"5,791.6",13.0,2.34
134,Maiara & Maraisa,"5,785.9",12.0,1.96
135,Red Hot Chili Peppers,"5,764.1",12.0,1.59
136,Calibre 50,"5,736.5",15.0,2.26
137,Haschak Sisters,"5,670.8",16.0,0.5
138,Bon Jovi,"5,623.1",9.0,1.46
139,Myke Towers,"5,616.2",11.0,2.45
140,Mark Ronson,"5,591.5",3.0,1.22
141,Pentatonix,"5,583.6",13.0,0.55
142,Wisin,"5,578.5",12.0,0.96
143,Camila Cabello,"5,571.8",12.0,0.86
144,Nio García,"5,471.4",8.0,0.92
145,Avril Lavigne,"5,456.0",16.0,1.04
146,Metallica,"5,430.2",7.0,1.59
147,Juan Gabriel,"5,426.8",11.0,1.51
148,Lana Del Rey,"5,409.7",12.0,1.72
149,Hariharan,"5,345.6",8.0,4.08
150,Yasmin Verissimo,"5,341.8",15.0,2.46
151,Manuel Turizo,"5,332.8",10.0,2.93
152,Ricardo Arjona,"5,268.8",8.0,1.77
153,Kodak Black,"5,246.1",13.0,1.73
154,Lil Nas X,"5,200.8",10.0,1.32
155,MC Kevinho,"5,188.9",12.0,0.25
156,Marc Anthony,"5,173.6",13.0,1.5
157,Luan Santana,"5,164.4",14.0,1.81
158,Wisin & Yandel,"5,158.6",14.0,1.87
159,Sean Paul,"5,116.4",11.0,1.48
160,G-Eazy,"5,114.2",8.0,0.92
161,Akon,"5,107.6",9.0,1.82
162,Camilo,"5,094.4",14.0,1.38
163,Jessie J,"5,083.8",9.0,0.66
164,Madonna,"5,062.4",11.0,1.76
165,Lil Wayne,"5,050.1",8.0,1.14
166,Mohamed Ramadan,"5,007.8",8.0,0.84
167,Carlos Vives,"4,959.3",6.0,1.12
168,Tyga,"4,941.1",7.0,1.0
169,Whitney Houston,"4,918.7",10.0,1.89
170,Kygo,"4,910.1",11.0,1.0
171,Hillsong Worship,"4,831.7",10.0,2.16
172,Macklemore & Ryan Lewis,"4,823.8",8.0,0.62
173,Girls' Generation,"4,708.2",10.0,0.72
174,Aventura,"4,707.8",16.0,2.14
175,Jul,"4,703.4",4.0,1.75
176,Khalid,"4,662.6",10.0,0.88
177,LMFAO,"4,657.4",5.0,0.55
178,Jesse & Joy,"4,655.9",10.0,1.04
179,Plan B,"4,624.1",13.0,1.25
180,Maná,"4,607.0",14.0,1.43
181,Flo Rida,"4,604.6",10.0,0.83
182,Machine Gun Kelly,"4,552.1",10.0,1.21
183,Grupo Firme,"4,523.1",14.0,3.74
184,ZAYN,"4,503.5",5.0,0.86
185,Simone & Simaria,"4,482.7",9.0,0.86
186,Sech,"4,477.6",11.0,1.1
187,Doja Cat,"4,476.9",15.0,2.26
188,Rahat Fateh Ali Khan,"4,475.0",10.0,1.74
189,Adexe & Nau,"4,462.8",8.0,0.42
190,Usher,"4,458.7",13.0,1.21
191,Nirvana,"4,453.9",7.0,1.38
192,Lil Pump,"4,440.7",11.0,0.31
193,Jubin Nautiyal,"4,428.7",6.0,1.27
194,Saad Lamjarred,"4,331.2",10.0,0.97
195,Kanye West,"4,329.4",15.0,1.0
196,Pablo Alborán,"4,326.3",11.0,1.04
197,Silvestre Dangond,"4,290.6",7.0,0.95
198,Rosalía,"4,287.7",6.0,2.25
199,Kenshi Yonezu,"4,252.9",12.0,1.49
200,Stray Kids,"4,250.8",8.0,3.8
201,El Chombo,"4,197.4",1.0,1.39
202,Rammstein,"4,193.3",12.0,1.71
203,Illslick,"4,188.8",9.0,1.27
204,Backstreet Boys,"4,175.1",9.0,1.48
205,Meet Bros,"4,173.8",12.0,1.08
206,Elissa,"4,124.0",6.0,1.86
207,Kevin Roldan,"4,076.2",11.0,1.03
208,Pop Smoke,"4,065.6",8.0,1.66
209,Gorillaz,"4,064.4",10.0,1.14
210,Harry Styles,"4,049.7",9.0,2.26
211,Passenger,"4,033.4",1.0,0.62
212,Morat,"4,011.3",8.0,2.38
213,Dhanush,"4,002.0",5.0,1.68
214,Hussain Al Jassmi,"3,984.0",7.0,1.3
215,Zion & Lennox,"3,964.3",7.0,1.17
216,Rae Sremmurd,"3,933.3",9.0,0.36
217,Hungria Hip Hop,"3,866.4",13.0,1.54
218,Halsey,"3,864.1",8.0,0.91
219,NCT,"3,809.6",9.0,1.17
220,Monkan Kankoon,"3,792.6",10.0,1.79
221,Atif Aslam,"3,782.2",9.0,1.01
222,Panic! at the Disco,"3,777.9",6.0,0.48
223,Céline Dion,"3,749.3",10.0,1.56
224,21 Savage,"3,741.6",8.0,1.1
225,El Alfa,"3,740.9",7.0,1.62
226,Kendrick Lamar,"3,728.1",12.0,0.85
227,Iggy Azalea,"3,726.6",9.0,0.34
228,Alejandro Fernández,"3,719.5",6.0,1.12
229,TINI,"3,715.3",13.0,2.17
230,J.Fla,"3,701.8",6.0,0.35
231,La Adictiva Banda San José de Mesillas,"3,687.4",7.0,1.28
232,System of a Down,"3,680.4",8.0,1.07
233,Bryan Adams,"3,668.6",10.0,1.29
234,Slipknot,"3,656.3",10.0,1.06
235,Kurt Hugo Schneider,"3,635.2",4.0,0.22
236,Lil Uzi Vert,"3,634.5",8.0,1.27
237,Nour Al Zain,"3,625.1",8.0,0.59
238,Melendi,"3,609.1",4.0,1.15
239,Mon Laferte,"3,606.4",8.0,1.4
240,DaBaby,"3,592.0",7.0,0.76
241,Nickelback,"3,578.9",11.0,0.76
242,Carlos Rivera,"3,571.3",11.0,1.22
243,Nelly,"3,570.3",7.0,1.16
244,Chayanne,"3,555.5",11.0,0.88
245,Yandel,"3,544.3",7.0,1.45
246,Christina Aguilera,"3,523.3",10.0,0.77
247,Dalex,"3,521.8",8.0,1.14
248,Lil Durk,"3,520.8",3.0,1.98
249,Lindsey Stirling,"3,509.3",8.0,0.57
250,Cali y El Dandee,"3,504.6",7.0,0.72
251,Ariel Camacho y Los Plebes Del Rancho,"3,502.8",8.0,0.58
252,Jonas Blue,"3,495.9",7.0,0.63
253,Yuridia,"3,482.0",7.0,4.55
254,Santa Fe Klan,"3,459.6",6.0,2.64
255,Arctic Monkeys,"3,433.4",6.0,1.03
256,Bruno e Marrone,"3,431.9",5.0,1.09
257,Violetta,"3,428.5",4.0,0.26
258,Young Thug,"3,425.0",8.0,0.93
259,John Legend,"3,419.4",4.0,0.52
260,Bebe Rexha,"3,400.2",5.0,0.55
261,Banda Los Recoditos,"3,399.6",11.0,0.59
262,Tiësto,"3,393.0",8.0,1.32
263,Melanie Martinez,"3,386.7",11.0,0.72
264,Christina Perri,"3,366.4",3.0,0.55
265,MC Livinho,"3,359.5",10.0,0.26
266,Ludmilla,"3,322.0",8.0,2.13
267,Meek Mill,"3,301.2",6.0,0.79
268,Little Big,"3,288.3",8.0,1.18
269,Marco Antonio Solís,"3,277.0",12.0,1.15
270,Pulcino Pio,"3,270.1",6.0,0.47
271,C-Kan,"3,269.3",7.0,0.71
272,Danny Ocean,"3,264.3",5.0,0.92
273,Seventeen,"3,260.1",3.0,2.31
274,Jhay Cortez,"3,259.3",3.0,1.12
275,Pharrell Williams,"3,258.5",6.0,0.58
276,Evanescence,"3,257.0",6.0,0.84
277,GOT7,"3,241.3",8.0,0.29
278,Green Day,"3,219.4",7.0,0.78
279,Cosculluela,"3,189.6",5.0,0.95
280,Alejandro Sanz,"3,183.5",5.0,0.68
281,Emiway Bantai,"3,168.8",7.0,0.97
282,Pedro Capó,"3,161.3",2.0,0.61
283,Zedd,"3,160.8",10.0,0.46
284,Stromae,"3,151.2",6.0,1.0
285,Lil Peep,"3,142.8",8.0,0.92
286,LP,"3,122.7",6.0,1.18
287,Vishal Dadlani,"3,122.2",9.0,0.72
288,Alicia Keys,"3,101.6",6.0,0.74
289,Luis Miguel,"3,089.7",8.0,1.24
290,Gucci Mane,"3,047.3",3.0,0.69
291,Abba,"3,045.9",7.0,1.32
292,Khea,"3,010.0",10.0,0.57
293,Gerardo Ortiz,"2,993.7",9.0,0.56
294,Ciara,"2,980.9",10.0,0.6
295,James Arthur,"2,980.5",4.0,0.86
296,Naiara Azevedo,"2,973.6",8.0,0.37
297,Gustavo Mioto,"2,969.6",7.0,1.3
298,Tribo da Periferia,"2,968.8",6.0,1.1
299,Armin van Buuren,"2,967.4",4.0,0.68
300,Río Roma,"2,956.2",8.0,0.77
301,Harrdy Sandhu,"2,945.2",7.0,0.67
302,Brytiago,"2,945.0",7.0,0.66
303,Alex Rose,"2,917.0",6.0,1.06
304,Red Velvet,"2,916.9",12.0,0.58
305,Jay Chou,"2,915.2",4.0,0.77
306,Paramore,"2,911.0",10.0,0.59
307,Camila,"2,903.8",9.0,0.54
308,French Montana,"2,902.3",3.0,0.62
309,Soolking,"2,899.9",7.0,1.2
310,The Beatles,"2,893.8",9.0,0.96
311,Aviões do Forró,"2,882.5",6.0,0.77
312,Bryant Myers,"2,878.9",10.0,1.25
313,Bee Gees,"2,854.4",6.0,1.33
314,Ne-Yo,"2,842.2",10.0,0.73
315,La Oreja de Van Gogh,"2,833.9",5.0,1.13
316,Calle 13,"2,830.0",9.0,0.53
317,Mac Miller,"2,813.7",5.0,0.68
318,Gente De Zona,"2,800.3",4.0,0.49
319,Dr. Dre,"2,799.2",5.0,0.94
320,Udit Narayan,"2,798.2",8.0,0.75
321,La Arrolladora Banda El Limón De René Camacho,"2,784.5",7.0,0.81
322,Five Finger Death Punch,"2,784.1",9.0,0.82
323,Greeicy,"2,775.4",8.0,0.84
324,Kratai Phannipha,"2,770.2",6.0,0.37
325,Aerosmith,"2,761.6",5.0,0.87
326,Zoé,"2,756.3",6.0,0.81
327,MAGIC!,"2,746.5",2.0,0.42
328,Soprano,"2,736.2",10.0,0.43
329,Zara Larsson,"2,729.6",4.0,0.3
330,Modern Talking,"2,723.0",7.0,1.1
331,La Trakalosa de Monterrey,"2,721.1",7.0,0.42
332,Aya Nakamura,"2,715.2",5.0,0.8
333,Gabriela Rocha,"2,703.2",4.0,0.96
334,Childish Gambino,"2,699.8",6.0,0.69
335,Labanoon,"2,698.7",6.0,0.28
336,L'Algérino,"2,694.4",8.0,0.29
337,Dilsinho,"2,687.0",4.0,0.68
338,Feid,"2,669.1",8.0,6.68
339,The Cranberries,"2,667.0",5.0,0.86
340,Son Tung M-TP,"2,660.6",11.0,0.61
341,Dimitri Vegas & Like Mike,"2,637.1",3.0,0.29
342,T.I.,"2,632.1",6.0,0.43
343,Ankush Raja,"2,625.1",6.0,1.23
344,Fetty Wap,"2,615.4",7.0,0.33
345,The Lonely Island,"2,603.5",9.0,0.17
346,A$AP Rocky,"2,599.5",4.0,0.7
347,Daft Punk,"2,587.0",5.0,0.73
348,MCs Zaac & Jerry,"2,585.8",8.0,0.23
349,Amr Diab,"2,584.4",3.0,0.41
350,will.i.am,"2,582.0",6.0,0.3
351,Jesús Adrián Romero,"2,577.0",7.0,0.87
352,Fall Out Boy,"2,572.4",6.0,0.42
353,Zé Felipe,"2,553.0",8.0,2.4
354,Robin Schulz,"2,552.6",6.0,0.58
355,Oasis,"2,538.5",7.0,0.6
356,Franco De Vita,"2,537.4",8.0,0.64
357,5 Seconds of Summer,"2,537.0",5.0,0.38
358,YNW Melly,"2,534.2",5.0,0.61
359,Swedish House Mafia,"2,525.6",5.0,0.46
360,Luke Combs,"2,522.2",6.0,1.08
361,Westlife,"2,515.0",6.0,0.84
362,Anne-Marie,"2,514.7",6.0,0.93
363,Ferrugem,"2,511.5",6.0,0.79
364,Jon Z,"2,505.3",5.0,0.97
365,Gloria Trevi,"2,501.3",5.0,0.64
366,Mustafa Ceceli,"2,495.0",7.0,0.7
367,Mamamoo,"2,494.4",4.0,0.62
368,Turma do Pagode,"2,482.8",6.0,0.65
369,Ava Max,"2,479.7",5.0,1.31
370,David Bisbal,"2,450.6",6.0,0.47
371,R. Kelly,"2,449.0",6.0,0.11
372,Felipe Araújo,"2,433.9",6.0,0.58
373,Jay Wheeler,"2,433.5",4.0,1.33
374,Tarkan,"2,430.8",4.0,0.68
375,The Pussycat Dolls,"2,429.5",8.0,0.7
376,Dhvani Bhanushali,"2,403.5",2.0,0.57
377,Polo G,"2,402.3",5.0,0.87
378,Foo Fighters,"2,397.0",6.0,0.53
379,Calum Scott,"2,396.7",4.0,0.7
380,Lukas Graham,"2,395.4",4.0,0.44
381,Trey Songz,"2,390.5",4.0,0.33
382,Miyagi,"2,384.7",4.0,1.49
383,Mau y Ricky,"2,375.8",3.0,0.8
384,Kelly Clarkson,"2,374.7",4.0,0.45
385,Selena,"2,362.7",7.0,0.97
386,Koray Avcı,"2,353.9",7.0,0.25
387,Gera MX,"2,349.8",3.0,1.06
388,Carla Morrison,"2,333.7",5.0,0.9
389,George Michael,"2,330.8",5.0,1.04
390,Sean Kingston,"2,327.0",4.0,0.72
391,Muse,"2,326.4",6.0,0.46
392,Luke Bryan,"2,321.2",7.0,0.35
393,Leningrad,"2,309.3",6.0,0.33
394,Super Junior,"2,295.4",7.0,0.37
395,De La Ghetto,"2,271.5",3.0,0.47
396,YG,"2,265.6",6.0,0.36
397,Roddy Ricch,"2,262.9",6.0,0.66
398,Avenged Sevenfold,"2,262.8",7.0,0.56
399,Carly Rae Jepsen,"2,255.9",2.0,0.31
400,Elton John,"2,250.2",6.0,1.4
401,iKON,"2,247.1",3.0,0.32
402,Alka Yagnik,"2,241.6",6.0,0.7
403,J. Cole,"2,241.4",6.0,0.78
404,Snoop Dogg,"2,233.7",7.0,0.54
405,Rita Ora,"2,229.9",4.0,0.29
406,Disturbed,"2,216.7",3.0,0.64
407,Desiigner,"2,215.5",4.0,0.27
408,Tones and I,"2,212.6",1.0,0.48
409,Gotye,"2,205.0",1.0,0.6
410,Zé Vaqueiro,"2,203.1",7.0,0.99
411,a-ha,"2,202.9",1.0,0.75
412,Diego & Victor Hugo,"2,200.2",7.0,0.64
413,A Boogie wit da Hoodie,"2,191.1",3.0,0.67
414,Logic,"2,184.2",3.0,0.19
415,Juanes,"2,177.1",8.0,0.56
416,Projota,"2,175.8",5.0,0.27
417,Kendji Girac,"2,175.6",8.0,0.47
418,2NE1,"2,166.1",2.0,0.24
419,Piccolo Coro dell'Antoniano,"2,154.6",3.0,0.68
420,Lunay,"2,144.2",6.0,0.45
421,Lil Dicky,"2,138.0",4.0,0.26
422,Rod Stewart,"2,136.7",4.0,1.11
423,Rag'n'Bone Man,"2,131.8",2.0,0.68
424,U2,"2,130.8",5.0,0.71
425,Megan Thee Stallion,"2,129.4",8.0,0.6
426,Hassan Shakosh,"2,121.7",5.0,0.35
427,Tove Lo,"2,116.0",3.0,0.47
428,K-ICM,"2,115.8",5.0,0.15
429,MC Pedrinho,"2,114.4",7.0,0.21
430,Sorriso Maroto,"2,095.7",4.0,0.64
431,The Script,"2,091.4",5.0,0.36
432,Danna Paola,"2,090.3",4.0,0.58
433,Mike Posner,"2,080.0",2.0,0.33
434,Ke$ha,"2,078.3",6.0,0.24
435,Silentó,"2,059.3",1.0,0.13
436,MC Fioti,"2,058.8",1.0,0.22
437,Himesh Reshammiya,"2,052.2",3.0,1.31
438,Amy Winehouse,"2,049.1",4.0,0.68
439,MC Kekel,"2,048.2",6.0,0.1
440,ITZY,"2,035.1",7.0,1.01
441,Tory Lanez,"2,033.1",2.0,0.55
442,Shreya Ghoshal,"2,032.5",5.0,0.67
443,Michel Teló,"2,028.0",2.0,0.26
444,Kane Brown,"2,027.9",3.0,0.57
445,Capital Bra,"2,015.6",2.0,0.29
446,Tierry,"2,015.5",3.0,0.85
447,Zack Knight,"2,014.3",3.0,0.54
448,Andrea Bocelli,"2,013.5",4.0,0.69
449,Nelly Furtado,"2,011.5",4.0,0.66
450,Pabllo Vittar,"1,999.1",5.0,0.25
451,Andra,"1,998.5",4.0,0.2
452,MC Davo,"1,996.0",5.0,0.57
453,Olivia Rodrigo,"1,995.7",5.0,0.97
454,Joey Montana,"1,989.9",2.0,0.17
455,Lorde,"1,989.8",4.0,0.2
456,Eduardo Costa,"1,985.2",4.0,0.54
457,AKB48,"1,984.4",2.0,0.2
458,Skillet,"1,983.4",4.0,0.55
459,Indila,"1,982.0",4.0,0.88
460,Darshan Raval,"1,973.4",4.0,0.54
461,Lucas Lucco,"1,972.6",7.0,0.39
462,YOUNGOHM,"1,969.0",7.0,0.77
463,The Killers,"1,962.1",6.0,0.39
464,blink-182,"1,962.0",5.0,0.45
465,Big Sean,"1,959.9",5.0,0.16
466,Lartiste,"1,954.5",3.0,0.26
467,Cocktail,"1,947.4",7.0,0.38
468,JoJo Siwa,"1,941.6",4.0,0.21
469,Jason Mraz,"1,934.7",5.0,0.34
470,Jessi Uribe,"1,932.0",5.0,1.0
471,Kid Ink,"1,930.9",3.0,0.21
472,Cyndi Lauper,"1,930.7",3.0,0.54
473,Timati,"1,928.6",2.0,0.54
474,Hala Al Turk,"1,923.4",6.0,0.24
475,Laura Pausini,"1,922.2",2.0,0.41
476,Shania Twain,"1,919.2",6.0,0.69
477,Luciano Pereyra,"1,912.0",3.0,0.57
478,Michael Bublé,"1,909.6",5.0,0.32
479,Timbaland,"1,904.9",6.0,0.7
480,Fergie,"1,899.0",6.0,0.4
481,Juan Magan,"1,898.2",5.0,0.24
482,Mohamed Alsalim,"1,897.8",3.0,0.54
483,Banda El Recodo De Cruz Lizárraga,"1,895.6",5.0,0.38
484,Natalia Lafourcade,"1,893.9",5.0,0.79
485,Depeche Mode,"1,890.8",4.0,0.63
486,Balti,"1,890.4",3.0,0.65
487,Imran Khan,"1,888.6",4.0,0.89
488,Alvaro Soler,"1,886.6",4.0,0.31
489,Lewis Capaldi,"1,880.3",4.0,1.0
490,Sabyan,"1,878.8",6.0,0.15
491,Alemán,"1,875.1",3.0,1.05
492,Sin Bandera,"1,866.7",6.0,0.5
493,B Praak,"1,863.1",3.0,0.23
494,Remmy Valenzuela,"1,862.4",6.0,0.44
495,Ceca,"1,861.6",0.0,0.35
496,MC Kevin,"1,853.6",4.0,0.62
497,OMI,"1,853.5",3.0,0.28
498,Florida Georgia Line,"1,852.1",5.0,0.21
499,Canserbero,"1,851.4",4.0,1.0
500,Hozier,"1,840.0",2.0,0.55
501,Lil Tjay,"1,835.7",3.0,0.72
502,Ricardo Montaner,"1,829.6",3.0,0.46
503,Radiohead,"1,828.1",2.0,0.79
504,Cristiano Araújo,"1,826.9",6.0,0.21
505,Galantis,"1,825.8",4.0,0.17
506,Niska,"1,825.0",4.0,0.43
507,Paula Fernandes,"1,822.8",3.0,0.44
508,Jason Aldean,"1,819.9",3.0,0.47
509,Palak Muchhal,"1,811.4",3.0,0.47
510,Chris Jeday,"1,803.9",3.0,0.69
511,Roxette,"1,801.6",3.0,0.52
512,Black M,"1,798.1",6.0,0.15
513,(G)I-DLE,"1,797.7",7.0,1.66
514,IU,"1,792.6",6.0,0.39
515,Arash,"1,790.6",4.0,0.57
516,Via Vallen,"1,787.5",3.0,0.08
517,Hailee Steinfeld,"1,782.2",6.0,0.26
518,Three Days Grace,"1,780.4",4.0,0.42
519,Soulja Boy Tell'em,"1,780.1",2.0,0.2
520,PNL,"1,775.6",6.0,0.34
521,Alok,"1,773.2",2.0,0.64
522,Maria Becerra,"1,766.2",6.0,2.35
523,The Game,"1,764.7",5.0,0.38
524,Abraham Mateo,"1,760.9",3.0,0.41
525,Bryson Tiller,"1,760.7",4.0,0.46
526,Blake Shelton,"1,760.6",3.0,0.33
527,AronChupa,"1,758.0",3.0,0.23
528,Eros Ramazzotti,"1,757.6",4.0,0.63
529,James Blunt,"1,757.1",2.0,0.43
530,Naughty Boy,"1,751.2",2.0,0.21
531,Marcos & Belutti,"1,745.3",4.0,0.26
532,SHINee,"1,735.6",2.0,0.27
533,R.E.M.,"1,734.9",2.0,0.57
534,2 Chainz,"1,728.7",5.0,0.28
535,Vremya i Steklo,"1,721.8",5.0,0.14
536,Lata Mangeshkar,"1,720.7",6.0,0.45
537,İrem Derici,"1,717.3",3.0,0.32
538,Scorpions,"1,715.3",2.0,0.44
539,Raymix,"1,712.5",3.0,0.38
540,ONE OK ROCK,"1,711.7",3.0,0.38
541,Zouhair Bahaoui,"1,705.7",3.0,0.49
542,Raí Saia Rodada,"1,702.9",4.0,0.48
543,Rick Astley,"1,697.5",2.0,0.5
544,My Chemical Romance,"1,689.8",7.0,0.51
545,Rick Ross,"1,687.2",3.0,0.34
546,B.o.B,"1,687.1",2.0,0.3
547,Korn,"1,686.0",3.0,0.49
548,Lil Skies,"1,683.5",4.0,0.18
549,El Komander,"1,679.2",3.0,0.26
550,Naps,"1,671.7",5.0,0.47
551,Nella Kharisma,"1,671.3",5.0,0.14
552,Shaggy,"1,663.3",6.0,0.42
553,Noriel,"1,661.3",3.0,0.4
554,Bruce Springsteen,"1,653.9",3.0,0.63
555,"Earth, Wind & Fire","1,649.2",3.0,0.56
556,Foster The People,"1,645.9",3.0,0.37
557,3 Doors Down,"1,641.7",3.0,0.4
558,Boney M.,"1,637.7",3.0,1.04
559,Getsunova,"1,633.9",5.0,0.18
560,Mary J. Blige,"1,630.1",4.0,0.66
561,Joyner Lucas,"1,620.7",1.0,0.36
562,2CELLOS,"1,619.4",1.0,0.33
563,Destiny's Child,"1,617.9",7.0,0.43
564,Last Child,"1,615.9",4.0,0.71
565,Lauv,"1,610.5",4.0,0.37
566,Robbie Williams,"1,605.3",4.0,0.28
567,Jonas Brothers,"1,597.6",3.0,0.2
568,Lauana Prado,"1,595.8",3.0,0.61
569,Toni Braxton,"1,595.0",3.0,0.58
570,Sofia Reyes,"1,590.3",3.0,0.51
571,Wham!,"1,580.5",2.0,0.31
572,Jeremih,"1,580.0",6.0,0.29
573,J Alvarez,"1,579.4",2.0,0.39
574,Ella Mai,"1,579.3",4.0,0.44
575,Burna Boy,"1,578.5",3.0,1.59
576,Marilyn Manson,"1,576.3",3.0,0.36
577,Audioslave,"1,576.1",3.0,0.49
578,Afrojack,"1,572.9",3.0,0.1
579,Lê Bảo Bình,"1,572.0",4.0,0.38
580,Manuel Medrano,"1,566.9",3.0,0.4
581,The Notorious B.I.G.,"1,560.1",4.0,0.79
582,Israel Kamakawiwo'ole,"1,558.2",2.0,0.3
583,T-Pain,"1,552.8",5.0,0.43
584,The Police,"1,549.7",3.0,0.57
585,JD Pantoja,"1,548.7",4.0,0.32
586,MC WM,"1,542.2",5.0,0.09
587,Fun.,"1,542.2",3.0,0.28
588,Demet Akalın,"1,541.5",2.0,0.17
589,Wolfine,"1,534.0",2.0,0.27
590,Israel & Rodolffo,"1,527.8",1.0,1.65
591,Andy Rivera,"1,527.0",3.0,0.58
592,MHD,"1,525.0",5.0,0.24
593,Mỹ Tâm,"1,521.7",2.0,0.27
594,Die Antwoord,"1,519.3",5.0,0.21
595,Reynmen,"1,516.0",3.0,0.25
596,Elvis Presley,"1,513.6",1.0,0.78
597,Kehlani,"1,512.9",2.0,0.32
598,Santana,"1,490.9",3.0,0.57
599,Ty Dolla $ign,"1,487.9",1.0,0.23
600,No Doubt,"1,486.7",2.0,0.39
601,Renuka Panwar,"1,483.5",1.0,0.31
602,4 Non Blondes,"1,479.9",1.0,0.56
603,Alexandra Stan,"1,476.0",5.0,0.24
604,Kany García,"1,474.9",4.0,0.92
605,Kid Rock,"1,467.8",2.0,0.46
606,Carrie Underwood,"1,460.8",1.0,0.23
607,Toto,"1,456.7",3.0,0.65
608,Mannat Noor,"1,452.8",1.0,0.22
609,Rombai,"1,443.9",4.0,0.2
610,Tom Odell,"1,443.3",2.0,1.09
611,Fernandinho,"1,437.4",2.0,0.82
612,4Minute,"1,428.6",4.0,0.13
613,Abel Pintos,"1,428.1",1.0,0.35
614,SISTAR,"1,425.7",4.0,0.16
615,Buray,"1,423.8",7.0,0.35
616,Thiaguinho,"1,423.4",2.0,0.62
617,R3HAB,"1,422.5",2.0,0.22
618,Grupo Revelação,"1,420.6",2.0,0.54
619,Mano Walter,"1,420.1",3.0,0.14
620,Europe,"1,417.6",2.0,0.37
621,Yo Gotti,"1,414.7",4.0,0.24
622,Bé Bảo An,"1,411.3",4.0,0.38
623,Tainy,"1,410.0",3.0,0.4
624,Alessia Cara,"1,409.4",4.0,0.21
625,Troye Sivan,"1,409.0",2.0,0.2
626,Jenni Rivera,"1,408.3",2.0,0.02
627,Willy William,"1,406.9",2.0,0.32
628,Kids United,"1,406.8",3.0,0.31
629,Carla's Dreams,"1,400.8",0.0,0.36
630,Dwayne Johnson,"1,400.6",1.0,1.17
631,L.กฮ.,"1,397.4",5.0,0.45
632,C. Tangana,"1,396.9",3.0,0.36
633,Sunidhi Chauhan,"1,394.4",3.0,0.22
634,Ñengo Flow,"1,388.8",4.0,0.82
635,Radwimps,"1,386.7",3.0,0.48
636,Damas Gratis,"1,384.5",4.0,0.76
637,G.E.M.,"1,381.6",4.0,0.23
638,Milky Chance,"1,380.1",3.0,0.41
639,The Kid LAROI,"1,379.9",2.0,0.78
640,Banda Carnaval,"1,379.8",1.0,0.25
641,Hande Yener,"1,378.6",3.0,0.18
642,Aqua,"1,377.2",1.0,0.54
643,Kong Huayrai,"1,375.9",4.0,0.43
644,Sherine,"1,375.5",5.0,0.58
645,Hadise,"1,374.1",5.0,0.23
646,Owl City,"1,373.3",2.0,0.22
647,MC G15,"1,372.3",5.0,0.08
648,Kings Of Leon,"1,367.3",2.0,0.3
649,J-Ax,"1,365.4",2.0,0.12
650,Pang Nakarin,"1,365.0",4.0,0.17
651,Akcent (Romania),"1,362.6",1.0,0.22
652,Rudimental,"1,361.9",3.0,0.18
653,OutKast,"1,361.4",3.0,0.38
654,Gigi D'Agostino,"1,360.5",3.0,0.38
655,Melim,"1,359.1",2.0,0.4
656,Preto no Branco,"1,355.4",2.0,0.33
657,Marwa Loud,"1,353.6",5.0,0.47
658,Ryan Castro,"1,352.7",5.0,1.4
659,Fernando & Sorocaba,"1,342.2",1.0,0.14
660,Flume,"1,338.9",3.0,0.23
661,Bonnie Tyler,"1,336.0",3.0,0.47
662,Natiruts,"1,331.5",3.0,0.55
663,Auli'i Cravalho,"1,329.3",2.0,0.62
664,MC Lan,"1,328.9",2.0,0.05
665,Alejandra Guzmán,"1,328.4",3.0,0.23
666,Ylvis,"1,325.5",1.0,0.14
667,Armaan Malik,"1,322.7",3.0,0.35
668,YFN Lucci,"1,320.2",2.0,0.31
669,Sexion D'Assaut,"1,317.4",2.0,0.16
670,Rvssian,"1,315.2",3.0,0.29
671,Pedro Sampaio,"1,310.9",4.0,0.57
672,Sila,"1,304.6",2.0,0.25
673,Taio Cruz,"1,300.9",5.0,0.16
674,The Lumineers,"1,299.5",4.0,0.3
675,Vitor Fernandes,"1,299.4",3.0,0.53
676,Gülşen,"1,296.5",4.0,0.26
677,Baby Rasta y Gringo,"1,295.6",1.0,0.29
678,Mahahing,"1,294.7",4.0,0.13
679,Gwen Stefani,"1,293.3",4.0,0.25
680,Alexis y Fido,"1,291.7",3.0,0.5
681,Billy Joel,"1,287.1",3.0,0.44
682,Emrah Karaduman,"1,286.5",3.0,0.15
683,Duke Dumont,"1,286.3",2.0,0.28
684,L-Gante,"1,281.3",1.0,0.58
685,John Newman,"1,278.3",1.0,0.27
686,Dennis,"1,277.6",2.0,0.15
687,Phil Collins,"1,277.6",2.0,0.37
688,Jhené Aiko,"1,274.9",2.0,0.41
689,El Bebeto,"1,271.4",2.0,0.19
690,Lenny Kravitz,"1,271.4",3.0,0.38
691,IZA,"1,270.3",5.0,0.4
692,Era Istrefi,"1,269.5",1.0,0.54
693,Nego do Borel,"1,269.0",3.0,0.06
694,Young M.A,"1,267.7",2.0,0.17
695,León Larregui,"1,264.3",4.0,0.34
696,SZA,"1,264.0",4.0,4.93
697,Yelawolf,"1,262.1",2.0,0.41
698,Mike WiLL Made-It,"1,261.9",1.0,0.12
699,Thomas Rhett,"1,261.4",2.0,0.17
700,Tiago PZK,"1,261.2",3.0,0.97
701,Sting,"1,260.2",3.0,0.55
702,The Neighbourhood,"1,255.2",1.0,0.55
703,Jads & Jadson,"1,252.2",1.0,0.23
704,Kim Loaiza,"1,252.1",4.0,1.25
705,Sharry Mann,"1,251.1",3.0,0.31
706,João Gomes,"1,247.2",4.0,1.73
707,Thirty Seconds to Mars,"1,247.2",3.0,0.18
708,Ayo & Teo,"1,247.0",2.0,0.09
709,WINNER,"1,244.0",1.0,0.12
710,NerdOut,"1,243.1",1.0,0.21
711,OG-ANIC,"1,241.3",4.0,0.19
712,Keyshia Cole,"1,241.1",5.0,0.32
713,Reykon,"1,236.0",2.0,0.16
714,Train,"1,233.3",4.0,0.2
715,Bruno e Barretto,"1,229.5",2.0,0.26
716,Carlos Baute,"1,229.3",1.0,0.24
717,Shaan,"1,229.3",2.0,0.88
718,Andrés Cepeda,"1,227.4",3.0,0.27
719,Florence + The Machine,"1,226.4",2.0,0.18
720,Limp Bizkit,"1,222.2",5.0,0.38
721,Severina,"1,222.2",1.0,0.21
722,Leona Lewis,"1,221.1",4.0,0.27
723,Diljit Dosanjh,"1,219.1",3.0,0.38
724,Márcia Fellipe,"1,215.6",2.0,0.16
725,Omarion,"1,215.5",1.0,0.16
726,Bastille,"1,215.3",1.0,0.2
727,Brett Young,"1,215.3",2.0,0.38
728,Simple Plan,"1,213.8",4.0,0.24
729,Robin Thicke,"1,209.3",1.0,0.17
730,Austin Mahone,"1,207.8",2.0,0.09
731,Zé Ramalho,"1,204.7",3.0,0.35
732,Nipsey Hussle,"1,199.5",2.0,0.3
733,Jowell & Randy,"1,198.4",1.0,0.28
734,Liam Payne,"1,192.8",3.0,0.13
735,Amenazzy,"1,191.0",1.0,0.53
736,2Pac,"1,183.2",3.0,0.38
737,Mabel Matiz,"1,182.8",2.0,0.43
738,Bushido,"1,182.7",0.0,0.13
739,Nick Jonas,"1,182.0",2.0,0.13
740,Dynoro,"1,180.3",1.0,0.14
741,Victor & Leo,"1,178.9",2.0,0.37
742,Mora,"1,177.6",2.0,2.48
743,Shinedown,"1,175.5",1.0,0.35
744,Baby K,"1,175.4",3.0,0.16
745,George Ezra,"1,175.2",4.0,0.25
746,Dire Straits,"1,175.0",5.0,0.47
747,Zak Chumpae,"1,174.7",3.0,0.04
748,Dhurata Dora,"1,174.0",1.0,0.23
749,Vicentico,"1,167.9",3.0,0.42
750,Sohail Sen,"1,167.0",2.0,0.31
751,Basshunter,"1,166.8",2.0,0.13
752,Otilia,"1,164.4",1.0,0.12
753,Mr. Children,"1,164.3",0.0,0.55
754,Nightwish,"1,159.6",2.0,0.36
755,Jax Jones,"1,156.1",4.0,0.13
756,Benny Blanco,"1,153.8",2.0,0.26
757,Residente,"1,153.1",3.0,0.22
758,Ministério Zoe,"1,150.1",1.0,0.32
759,Sabrina Carpenter,"1,148.8",1.0,0.42
760,Disclosure,"1,145.3",3.0,0.17
761,Tomorrow X Together,"1,145.3",4.0,0.42
762,N Sync,"1,144.5",3.0,0.38
763,Felipe Peláez,"1,141.4",2.0,0.23
764,Miguel Bosé,"1,137.2",2.0,0.34
765,Sade,"1,134.8",3.0,0.46
766,Bonez MC,"1,128.1",3.0,0.28
767,Yellow Claw,"1,127.7",3.0,0.17
768,James Bay,"1,125.5",2.0,0.18
769,Alec Benjamin,"1,125.4",1.0,0.58
770,Lexa,"1,122.5",3.0,0.14
771,Banda Tierra Sagrada,"1,122.1",2.0,0.22
772,Club Dogo,"1,121.9",0.0,0.24
773,Lady Antebellum,"1,121.7",2.0,0.26
774,Kid Cudi,"1,120.8",3.0,0.23
775,The Vamps,"1,117.1",2.0,0.12
776,August Alsina,"1,116.5",2.0,0.18
777,Momoland,"1,113.2",2.0,0.17
778,Survivor,"1,111.9",2.0,0.39
779,Amit Kumar,"1,111.8",2.0,0.24
780,The Verve,"1,107.1",1.0,0.33
781,Léo Magalhães,"1,101.8",1.0,0.34
782,MIKA,"1,100.9",2.0,0.17
783,Charli XCX,"1,100.9",3.0,0.14
784,Yella Beezy,"1,097.7",2.0,0.22
785,DVBBS,"1,094.1",1.0,0.07
786,Sam Hunt,"1,091.5",3.0,0.12
787,Aitana,"1,085.0",4.0,0.63
788,Ludacris,"1,084.2",1.0,0.19
789,Edward Maya,"1,083.3",2.0,0.28
790,Simge,"1,082.3",4.0,0.27
791,Birdy,"1,079.3",4.0,0.2
792,Labrinth,"1,077.9",3.0,0.4
793,The 1975,"1,077.9",0.0,0.4
794,Mero,"1,077.6",2.0,0.32
795,Bhad Bhabie,"1,077.3",2.0,0.1
796,Alkilados,"1,077.3",4.0,0.18
797,The Rolling Stones,"1,076.6",0.0,0.28
798,R. City,"1,076.4",1.0,0.14
799,Ben Fero,"1,073.7",3.0,0.23
800,Bazzi,"1,073.7",4.0,0.19
801,Gloria Groove,"1,072.8",2.0,0.53
802,Weird Al Yankovic,"1,070.8",2.0,0.23
803,Lizzo,"1,069.3",4.0,0.36
804,Keane,"1,068.7",2.0,0.55
805,Dan + Shay,"1,068.3",3.0,0.19
806,Boy Panomprai,"1,068.0",3.0,0.18
807,Anavitória,"1,067.6",3.0,0.24
808,Dillon Francis,"1,066.4",2.0,0.12
809,Bích Phương,"1,062.8",2.0,0.45
810,Hoobastank,"1,059.8",1.0,0.31
811,Wale,"1,058.1",3.0,0.22
812,Gym Class Heroes,"1,056.7",2.0,0.4
813,Sido,"1,056.5",0.0,0.28
814,Alesso,"1,055.4",2.0,0.17
815,Mumford & Sons,"1,054.6",1.0,0.14
816,Sigala,"1,049.6",3.0,0.17
817,Lauren Daigle,"1,048.1",2.0,0.32
818,Kylie Minogue,"1,047.0",1.0,0.41
819,DJ Hamida,"1,046.4",1.0,0.16
820,Miguel,"1,046.4",4.0,0.42
821,Bigflo & Oli,"1,046.0",1.0,0.2
822,Spice Girls,"1,045.9",1.0,0.21
823,DMX,"1,045.4",3.0,0.31
824,Aleyna Tilki,"1,045.0",3.0,0.09
825,Mike Bahía,"1,042.0",4.0,0.46
826,Bobby Shmurda,"1,041.9",1.0,0.16
827,Aurora,"1,040.4",1.0,0.9
828,Cher Lloyd,"1,036.1",5.0,0.04
829,Blueface,"1,034.5",2.0,0.24
830,Dev Negi,"1,033.9",2.0,0.23
831,Pipe Bueno,"1,032.8",4.0,0.4
832,Siti Badriah,"1,031.4",1.0,0.09
833,Marama,"1,029.5",2.0,0.16
834,Param Singh,"1,029.0",1.0,0.25
835,Tiziano Ferro,"1,028.4",0.0,0.2
836,Jannine Weigel,"1,028.4",1.0,0.06
837,Oliver Tree,"1,028.0",1.0,2.2
838,Kaaris,"1,027.6",2.0,0.1
839,Eurythmics,"1,027.1",1.0,0.48
840,Rocco Hunt,"1,026.4",3.0,0.5
841,Rich The Kid,"1,023.8",2.0,0.11
842,Glass Animals,"1,023.7",2.0,0.79
843,Bryant Oden,"1,022.9",2.0,0.14
844,Enzo Rabelo,"1,022.5",3.0,0.15
845,John Mayer,"1,019.9",2.0,0.25
846,Lost Frequencies,"1,018.6",3.0,0.15
847,Potato,"1,017.1",1.0,0.14
848,The Strokes,"1,016.5",3.0,0.29
849,ScHoolboy Q,"1,016.4",2.0,0.12
850,Jasmine Sandlas,"1,014.4",2.0,0.2
851,Ghali,"1,014.4",2.0,0.13
852,Darell,"1,014.3",2.0,0.37
853,Min,"1,013.5",5.0,0.17
854,Leslie Grace,"1,008.6",3.0,0.13
855,Alonzo,"1,003.3",2.0,0.1
856,Léo Santana,"1,002.1",1.0,0.38
857,Phan Mạnh Quỳnh,998.9,2.0,0.1
858,Bomba Estéreo,997.6,3.0,0.18
859,The Offspring,995.1,1.0,0.5
860,Ultimo,994.7,0.0,0.33
861,Humberto e Ronaldo,993.4,1.0,0.35
862,Leandro Borges,993.0,1.0,0.44
863,João Neto e Frederico,991.7,2.0,0.06
864,Vegedream,991.3,1.0,0.51
865,Alex Campos,991.2,1.0,0.48
866,Sasa Kovacevic,985.3,0.0,0.12
867,Fedez,984.9,2.0,0.23
868,Trúc Nhân,981.4,3.0,0.95
869,IZ*ONE,979.6,2.0,0.24
870,Café Tacvba,977.5,1.0,0.23
871,DNCE,975.7,3.0,0.16
872,Jack Harlow,969.9,2.0,0.42
873,Gen Hoshino,968.0,1.0,0.17
874,Papa Roach,966.3,2.0,0.22
875,Miranda Lambert,962.7,1.0,0.22
876,Olly Murs,962.0,3.0,0.13
877,Juan Luis Guerra,960.0,1.0,0.44
878,Wonder Girls,958.4,2.0,0.17
879,K Camp,957.9,2.0,0.2
880,Dido,957.2,2.0,0.42
881,Led Zeppelin,954.2,3.0,0.44
882,Jay-Z,953.0,1.0,0.56
883,Alex Sensation,952.2,2.0,0.18
884,Henrique & Diego,946.9,2.0,0.06
885,Sonu Nigam,945.7,2.0,0.48
886,Soobin Hoàng Sơn,942.7,1.0,0.22
887,Of Monsters and Men,940.8,1.0,0.15
888,João Bosco e Vinícius,940.2,2.0,0.23
889,Yash Narvekar,938.1,2.0,0.27
890,Creed,934.9,3.0,0.28
891,Vengaboys,934.8,3.0,0.34
892,Pooh Shiesty,933.1,2.0,0.43
893,Tony Kakkar,929.5,2.0,0.14
894,25hours,929.3,1.0,0.15
895,Monsta X,927.8,1.0,5.27
896,Abu,925.7,1.0,0.23
897,Boyz II Men,925.5,4.0,0.28
898,Axel,922.9,2.0,0.11
899,GFriend,922.0,0.0,0.11
900,Ivete Sangalo,921.2,0.0,0.2
901,Years & Years,917.5,2.0,0.13
902,Rachel Platten,915.2,2.0,0.14
903,RKM & Ken-Y,913.8,2.0,0.17
904,The Wanted,912.4,2.0,0.08
905,Pikotaro,910.4,3.0,0.15
906,John Lennon,908.0,4.0,0.23
907,Bump of Chicken,907.3,1.0,0.25
908,Savage Garden,902.7,3.0,0.32
909,Brad Paisley,902.7,2.0,0.15
910,MC Doni,902.6,3.0,0.15
911,Apink,902.5,0.0,0.09
912,Julieta Venegas,902.4,2.0,0.39
913,Rich Gang,902.1,2.0,0.21
914,Tinie Tempah,900.1,2.0,0.11
915,RASA,900.1,2.0,0.63
916,Tame Impala,894.8,3.0,0.37
917,Why Don't We,892.3,1.0,0.19
918,Busta Rhymes,889.3,1.0,0.25
919,Capital Cities,889.2,2.0,0.26
920,Mahmut Orhan,888.9,3.0,0.19
921,Ana Carolina,885.6,2.0,0.25
922,KSI,885.5,1.0,0.07
923,AnnenMayKantereit,883.8,0.0,0.36
924,Kenny Chesney,883.5,0.0,0.15
925,Keen'V,883.3,1.0,0.22
926,Juicy J,882.6,1.0,0.11
927,Fat Joe,880.9,2.0,0.23
928,Steve Aoki,880.9,1.0,0.06
929,Seether,877.7,1.0,0.25
930,Fly Project,876.9,1.0,0.17
931,Michael Bolton,873.2,3.0,0.29
932,AOA,873.1,0.0,0.09
933,Leo Rojas,873.0,2.0,0.22
934,Big Ass,872.5,2.0,0.18
935,Jamiroquai,869.0,1.0,0.22
936,TLC,866.9,3.0,0.22
937,Jess Glynne,862.4,4.0,0.15
938,Kiesza,862.1,2.0,0.14
939,King,860.7,2.0,4.93
940,Jassi Gill,860.7,1.0,0.12
941,Hamza Namira,858.8,2.0,0.36
942,Delia,858.1,0.0,0.11
943,Tuğçe Kandemir,858.0,3.0,0.21
944,KC Rebell,854.8,0.0,0.07
945,Ja Rule,852.0,3.0,0.28
946,Culture Club,849.8,2.0,0.25
947,Jay Sean,849.5,2.0,0.23
948,Vasco Rossi,846.2,0.0,0.14
949,Marco Mengoni,845.9,2.0,0.18
950,Lilly Wood & The Prick,839.1,1.0,0.17
951,Daughtry,837.7,2.0,0.26
952,CKay,836.7,2.0,0.79
953,Mr Probz,835.2,1.0,0.18
954,gnash,834.7,1.0,0.2
955,deadmau5,834.2,0.0,0.09
956,Vance Joy,833.7,1.0,0.19
957,Altamash Faridi,831.9,1.0,0.2
958,Midian Lima,827.2,2.0,0.24
959,Tinashe,825.6,1.0,0.11
960,Thaeme & Thiago,824.6,0.0,0.05
961,Big Time Rush,824.4,1.0,0.08
962,NAV,823.8,0.0,0.14
963,The Prodigy,823.6,1.0,0.2
964,ChocQuibTown,821.9,1.0,0.1
965,Maite Perroni,821.2,3.0,0.14
966,Lil Xan,821.2,2.0,0.09
967,X Ambassadors,820.8,2.0,0.19
968,Sum 41,820.7,2.0,0.17
969,365 DaBand,819.0,1.0,0.1
970,Tony Dize,818.6,2.0,0.25
971,BNK48,817.6,2.0,0.09
972,PnB Rock,817.0,0.0,0.13
973,O.T. Genasis,816.7,2.0,0.08
974,KYLE,815.0,2.0,0.09
975,Far East Movement,814.9,2.0,0.1
976,J Soul Brothers,813.1,1.0,0.05
977,Hebe Tien,811.7,1.0,0.04
978,The Cure,811.6,1.0,0.26
979,EXID,809.5,1.0,0.08
980,Oras Sattar,807.9,1.0,0.12
981,Faydee,806.3,1.0,0.15
982,Burak Yeter,805.3,1.0,0.19
983,Sekai no Owari,802.9,1.0,0.15
984,Kodaline,800.7,2.0,0.24
985,T-ara,799.1,0.0,0.15
986,La Quinta Estación,797.9,1.0,0.24
987,Mario,797.1,2.0,0.28
988,Loredana Zefi,795.7,0.0,0.09
989,Sophia Grace,794.8,1.0,0.03
990,Il Volo,794.5,1.0,0.17
991,Polina Gagarina,794.0,1.0,0.24
992,T_T,792.7,2.0,0.05
993,Deorro,790.0,2.0,0.1
994,Redfoo,789.7,2.0,0.14
995,Eric Clapton,789.3,2.0,0.27
996,SanLuis,787.5,2.0,0.19
997,Atitude 67,786.3,1.0,0.15
998,Rusherking,786.1,2.0,1.14
999,SCH,785.3,1.0,0.11
1000,Måneskin,785.0,2.0,0.58
1001,The White Stripes,784.4,1.0,0.3
1002,Weezer,782.4,1.0,0.18
1003,Pia Mia,782.2,1.0,0.1
1004,Queen Naija,780.5,2.0,0.26
1005,Niall Horan,777.3,1.0,0.11
1006,Kalash,777.2,1.0,0.14
1007,Douzi,775.7,0.0,0.17
1008,Kool & The Gang,775.2,4.0,0.23
1009,Breaking Benjamin,774.7,1.0,0.2
1010,M83,774.0,2.0,0.22
1011,Stormzy,772.5,2.0,0.22
1012,JustaTee,770.9,3.0,0.31
1013,Nicky Romero,770.1,1.0,0.03
1014,Spitz,765.6,1.0,0.19
1015,AAA,764.6,2.0,0.07
1016,GTK,763.7,2.0,0.1
1017,Takagi & Ketra,763.5,3.0,0.08
1018,MC Hammer,763.1,1.0,0.18
1019,Pepe Quintana,759.0,3.0,0.15
1020,Cascada,758.7,1.0,0.1
1021,Kungs,758.3,1.0,0.23
1022,Osmani Garcia,758.1,1.0,0.08
1023,Pet Shop Boys,757.5,2.0,0.3
1024,Bullet For My Valentine,756.5,1.0,0.16
1025,Rich Homie Quan,755.2,2.0,0.13
1026,Central Cee,752.3,1.0,1.57
1027,Marcela Gándara,749.7,2.0,0.23
1028,Alessandra Amoroso,749.1,1.0,0.16
1029,Bob Sinclar,746.9,2.0,0.25
1030,Irama,746.0,2.0,0.33
1031,Keri Hilson,743.5,2.0,0.16
1032,Çağatay Akman,742.7,2.0,0.05
1033,Sofia Carson,742.0,3.0,0.24
1034,O Rappa,741.2,1.0,0.19
1035,Paulina Rubio,740.3,1.0,0.14
1036,Tiago Iorc,739.7,2.0,0.14
1037,La Factoría,738.1,1.0,0.22
1038,PARTYNEXTDOOR,737.6,2.0,0.28
1039,Ozan Doğulu,736.4,2.0,0.08
1040,Pawni Pandey,734.1,1.0,0.2
1041,Murat Boz,727.9,2.0,0.13
1042,John Denver,727.1,1.0,0.18
1043,Leonard Cohen,726.7,2.0,0.22
1044,Utada Hikaru,723.9,0.0,0.4
1045,Heart,723.2,2.0,0.32
1046,Thiago Brava,721.0,1.0,0.03
1047,Within Temptation,719.9,1.0,0.2
1048,A Great Big World,719.5,1.0,0.13
1049,KAZKA,716.6,1.0,0.15
1050,JayDaYoungan,716.3,1.0,0.29
1051,Silva Gunbardhi,714.3,1.0,0.13
1052,City Girls,712.3,1.0,0.19
1053,Oriente,706.5,2.0,0.14
1054,Andy & Lucas,703.8,2.0,0.23
1055,Bloodhound Gang,700.2,1.0,0.1
1056,Louis Tomlinson,699.4,1.0,0.07
1057,Ece Seçkin,698.8,3.0,0.06
1058,Prince,696.7,0.0,0.35
1059,Duran Duran,696.4,1.0,0.37
1060,Jovanotti,696.1,0.0,0.11
1061,La Fouine,695.9,0.0,0.12
1062,Jordin Sparks,695.0,1.0,0.21
1063,Extreme,693.3,1.0,0.22
1064,Gabriel Diniz,692.7,2.0,0.09
1065,Pearl Jam,691.8,2.0,0.18
1066,The Fray,691.1,2.0,0.1
1067,Snow Patrol,690.5,1.0,0.12
1068,Modà,690.3,0.0,0.14
1069,Haikaiss,689.8,1.0,0.07
1070,Nico & Vinz,688.8,1.0,0.16
1071,Paty Cantú,687.7,0.0,0.09
1072,Travie McCoy,686.4,1.0,0.12
1073,OrelSan,685.5,1.0,0.16
1074,Marina and the Diamonds,684.7,1.0,0.12
1075,Goo Goo Dolls,683.9,1.0,0.3
1076,MC Rodolfinho,681.3,2.0,0.06
1077,Rise Against,680.5,2.0,0.1
1078,LOONA,680.1,0.0,0.11
1079,Lily Allen,679.1,2.0,0.09
1080,Kyary Pamyu Pamyu,678.2,1.0,0.07
1081,UB40,677.4,1.0,0.19
1082,India Martínez,675.1,2.0,0.33
1083,Nicole Scherzinger,674.4,1.0,0.06
1084,Lilly Goodman,673.9,1.0,0.22
1085,Staind,673.6,2.0,0.2
1086,Blue,672.6,3.0,0.38
1087,Little Big Town,672.1,2.0,0.15
1088,t.A.T.u.,669.8,2.0,0.22
1089,The Chipettes,668.6,1.0,0.04
1090,Trio Parada Dura,667.3,2.0,0.3
1091,Julia Michaels,666.9,1.0,0.08
1092,Bảo Anh,665.7,1.0,0.08
1093,IAmChino,665.0,1.0,0.07
1094,Helene Fischer,664.4,0.0,0.2
1095,Rema,664.1,1.0,1.82
1096,DJ Antoine,662.3,1.0,0.06
1097,The Fugees,661.4,2.0,0.5
1098,M.I.A.,661.2,2.0,0.14
1099,Biel,658.7,1.0,0.02
1100,Monica,658.6,2.0,0.21
1101,Burak King,658.3,2.0,0.1
1102,Mustard,658.0,2.0,0.13
1103,Dawin,657.6,2.0,0.06
1104,Lali,657.3,1.0,0.15
1105,Perfume,656.3,0.0,0.08
1106,Isaias Saad,655.4,1.0,0.65
1107,Sak Noel,654.9,1.0,0.1
1108,Yemi Alade,654.5,1.0,0.13
1109,K.A.R.D,654.2,0.0,0.11
1110,Ace of Base,653.6,3.0,0.28
1111,Maxim Fadeev,653.2,2.0,0.16
1112,Daoko,652.6,1.0,0.14
1113,Adam Lambert,650.7,2.0,0.19
1114,Ace Hood,650.0,1.0,0.08
1115,KeBlack,648.6,2.0,0.06
1116,Cleber e Cauan,648.3,1.0,0.11
1117,Norm Ender,648.0,1.0,0.12
1118,Feduk,645.3,2.0,0.11
1119,Sophana,645.0,3.0,0.16
1120,Reyli Barba,644.3,1.0,0.14
1121,Anna Kendrick,642.8,1.0,0.04
1122,Cro,640.4,0.0,0.05
1123,Madcon,640.0,3.0,0.11
1124,Martin Solveig,639.8,2.0,0.04
1125,Saif Nabeel,636.5,2.0,0.16
1126,SDP,635.2,0.0,0.14
1127,Kevvo,632.8,1.0,0.17
1128,Felix Jaehn,632.1,1.0,0.16
1129,Block B,630.2,0.0,0.05
1130,Shiina Ringo,629.7,0.0,0.17
1131,BABYMETAL,628.6,1.0,0.14
1132,Armada,626.6,2.0,0.16
1133,Magic System,626.5,1.0,0.2
1134,Dierks Bentley,624.3,1.0,0.1
1135,The Black Keys,622.4,1.0,0.12
1136,Sarah Farias,621.5,2.0,0.24
1137,MGMT,621.3,3.0,0.17
1138,Fabio Rovazzi,621.2,3.0,0.04
1139,Smash Mouth,617.4,1.0,0.17
1140,Sakanaction,615.2,1.0,0.12
1141,Mark Forster,614.5,1.0,0.08
1142,Summer Cem,614.4,1.0,0.07
1143,Iyaz,613.3,2.0,0.2
1144,Livres,612.2,1.0,0.18
1145,Bella Poarch,611.9,2.0,0.4
1146,Fabri Fibra,611.5,0.0,0.14
1147,Dean Lewis,611.0,2.0,0.45
1148,Alanis Morissette,610.7,1.0,0.18
1149,AWOLNATION,610.2,1.0,0.11
1150,Tayrone,608.7,1.0,0.6
1151,Amit Mishra,608.6,2.0,0.06
1152,Bizzey,607.4,1.0,0.09
1153,Masked Wolf,604.9,2.0,0.21
1154,RIDSA,604.9,1.0,0.14
1155,Vũ Duy Khánh,603.6,1.0,0.04
1156,Lola Indigo,601.7,1.0,0.53
1157,Stefflon Don,601.4,2.0,0.1
1158,2PM,599.8,0.0,0.07
1159,Beast,599.5,1.0,0.07
1160,R.I.O.,599.3,1.0,0.03
1161,Pentagon,599.2,1.0,0.07
1162,Noah Cyrus,597.4,2.0,0.08
1163,Gradur,597.1,2.0,0.05
1164,Millind Gaba,596.7,1.0,0.13
1165,Sylwia Grzeszczak,596.5,1.0,0.11
1166,ZAZ,596.3,0.0,0.17
1167,BlocBoy JB,595.7,1.0,0.07
1168,Max Jenmana,595.1,2.0,0.07
1169,Kat DeLuna,594.6,2.0,0.08
1170,Louane,591.8,0.0,0.11
1171,Vázquez Sounds,589.9,1.0,0.04
1172,Alexio La Bestia,587.5,2.0,0.24
1173,Sumit Goswami,586.9,1.0,0.08
1174,Blondie,586.7,1.0,0.31
1175,Loubet,584.8,0.0,0.12
1176,BOL4,583.9,1.0,0.15
1177,ZHU,583.8,2.0,0.18
1178,Lil Jon,583.6,2.0,0.14
1179,Netta,583.5,2.0,0.22
1180,The Smashing Pumpkins,583.1,1.0,0.18
1181,Charlie Brown Jr.,580.1,1.0,0.2
1182,Nekfeu,579.3,1.0,0.07
1183,Rascal Flatts,575.7,1.0,0.1
1184,miss A,574.8,1.0,0.06
1185,Khaled,574.5,1.0,0.27
1186,Matchbox Twenty,573.9,1.0,0.18
1187,DeJ Loaf,572.9,2.0,0.13
1188,Cheat Codes,571.4,2.0,0.07
1189,E-Girls,568.2,0.0,0.03
1190,Luther Vandross,565.0,2.0,0.21
1191,Ligabue,564.9,0.0,0.07
1192,Girl's Day,563.4,0.0,0.06
1193,Enya,561.3,1.0,0.22
1194,Zay & Zayion,559.6,1.0,0.03
1195,Mithoon,559.1,1.0,0.21
1196,MC Brinquedo,558.4,1.0,0.04
1197,Emis Killa,558.0,0.0,0.08
1198,The Calling,557.4,1.0,0.13
1199,Bone Thugs-N-Harmony,557.2,2.0,0.13
1200,Hoàng Thuỳ Linh,556.9,1.0,0.58
1201,Ahmed Chawki,556.1,2.0,0.07
1202,Kelly Rowland,554.3,1.0,0.1
1203,D.R.A.M.,553.2,1.0,0.05
1204,Portugal. The Man,553.0,1.0,0.09
1205,Scooter,551.8,0.0,0.09
1206,WALK THE MOON,551.5,1.0,0.08
1207,Empire Of The Sun,551.2,3.0,0.18
1208,George Strait,550.9,1.0,0.23
1209,Ashanti,550.3,1.0,0.17
1210,Aminé,548.3,1.0,0.06
1211,Bow Wow,547.4,2.0,0.11
1212,Rochak Kohli,546.4,1.0,0.01
1213,Sara Bareilles,545.3,2.0,0.08
1214,Y2K,545.2,1.0,0.11
1215,f(x),544.9,1.0,0.04
1216,The All-American Rejects,544.7,2.0,0.09
1217,Kay One,544.6,2.0,0.04
1218,Lary Over,543.4,1.0,0.05
1219,K'Naan,541.5,1.0,0.32
1220,Sevyn Streeter,537.9,1.0,0.11
1221,Malú,537.6,0.0,0.06
1222,Bridgit Mendler,536.7,2.0,0.04
1223,back number,536.6,1.0,0.01
1224,Bob Dylan,535.3,0.0,0.2
1225,Eiffel 65,534.7,2.0,0.09
1226,Colbie Caillat,533.3,1.0,0.07
1227,Erol Evgin,532.3,1.0,0.08
1228,Wanna One,531.2,1.0,0.04
1229,GReeeeN,531.1,0.0,0.1
1230,Heuss L'Enfoiré,531.0,2.0,0.2
1231,Chi Dân,528.3,1.0,0.03
1232,Pollo,527.7,2.0,0.09
1233,Marracash,526.7,0.0,0.28
1234,Pusho,526.6,1.0,0.03
1235,Richard Marx,526.0,1.0,0.21
1236,R-chord,524.5,0.0,0.07
1237,Playboi Carti,524.0,1.0,0.11
1238,Derya Uluğ,521.9,2.0,0.1
1239,Sławomir,521.9,1.0,0.04
1240,UM44K,519.6,2.0,0.06
1241,Coez,519.0,1.0,0.13
1242,Ailee,518.8,1.0,0.09
1243,Kemilly Santos,517.0,1.0,0.12
1244,Sinéad O'Connor,516.3,2.0,0.25
1245,Queens of the Stone Age,515.5,1.0,0.1
1246,Beastie Boys,515.5,1.0,0.11
1247,Jacob Forever,515.3,2.0,0.15
1248,Judas Priest,514.3,0.0,0.19
1249,Playa Limbo,514.1,1.0,0.09
1250,Johnny Cash,513.9,2.0,0.28
1251,Jimi Hendrix,513.6,1.0,0.13
1252,Soundgarden,512.6,1.0,0.14
1253,Annalisa,511.6,0.0,0.26
1254,Simon & Garfunkel,510.0,1.0,0.17
1255,Meat Loaf,508.1,1.0,0.19
1256,Paloma Mami,508.0,2.0,0.16
1257,Jefferson Moraes,506.9,1.0,0.06
1258,Aun Feeble Heart,505.5,1.0,0.03
1259,Emma Marrone,503.2,0.0,0.08
1260,Bonde da Stronda,502.7,1.0,0.06
1261,Starship,499.3,2.0,0.33
1262,K. Michelle,499.0,0.0,0.06
1263,Munhoz & Mariano,498.6,1.0,0.03
1264,Lilit Hovhannisyan,498.0,1.0,0.12
1265,Cole Swindell,496.6,1.0,0.19
1266,The xx,496.0,0.0,0.06
1267,Zendaya,495.1,1.0,0.05
1268,Hayley Kiyoko,495.0,1.0,0.07
1269,Fleetwood Mac,494.9,0.0,0.36
1270,Elisa,492.4,0.0,0.1
1271,Zaho,492.1,1.0,0.2
1272,OK Go,490.6,0.0,0.04
1273,Boef,490.5,0.0,0.17
1274,Momoiro Clover Z,489.9,0.0,0.08
1275,Lou Bega,489.7,1.0,0.16
1276,Amir,488.8,2.0,0.14
1277,Ayumi Hamasaki,487.4,0.0,0.14
1278,Young Money,487.0,1.0,0.07
1279,Hinder,486.0,1.0,0.12
1280,Theory of a Deadman,485.4,1.0,0.06
1281,Rage Against The Machine,484.7,1.0,0.19
1282,Colonel Reyel,484.4,1.0,0.04
1283,Gülben Ergen,484.3,1.0,0.09
1284,TVXQ,482.9,0.0,0.07
1285,Take That,482.2,0.0,0.14
1286,Las Ketchup,481.9,2.0,0.18
1287,Andreas Gabalier,481.8,1.0,0.07
1288,Gliss,481.7,2.0,0.02
1289,Showtek,480.9,2.0,0.02
1290,KARA,478.7,1.0,0.18
1291,Diddy – Dirty Money,478.3,1.0,0.06
1292,Deep Purple,476.9,2.0,0.18
1293,Karmin,475.1,1.0,0.07
1294,Vanilla Ice,474.2,1.0,0.16
1295,Ton Carfi,473.7,2.0,0.24
1296,Negramaro,472.1,0.0,0.07
1297,Nimo,472.0,0.0,0.07
1298,Mohombi,471.2,2.0,0.08
1299,Retrospect,470.7,1.0,0.04
1300,Luma Elpidio,470.0,2.0,0.12
1301,Big Shaq,469.9,1.0,0.04
1302,Bappi Lahiri,469.9,1.0,0.08
1303,BTOB,468.2,0.0,0.08
1304,Sachet Tandon,466.2,1.0,0.12
1305,Kell Smith,463.3,1.0,0.1
1306,Eva,462.5,1.0,0.07
1307,Cheryl,459.3,0.0,0.03
1308,Blackstreet,458.7,1.0,0.16
1309,Fridaynight to Sunday,458.4,1.0,0.1
1310,Hilary Duff,458.2,0.0,0.03
1311,Belanova,458.0,1.0,0.22
1312,A.R. Rahman,455.7,1.0,0.07
1313,Hương Tràm,455.1,2.0,0.06
1314,Sam Tsui,455.1,0.0,0.02
1315,Akcent,451.1,1.0,0.03
1316,Sigma,451.0,1.0,0.03
1317,Parampara Tandon,450.9,1.0,0.11
1318,Discopraise,450.6,1.0,0.09
1319,MØ,449.7,1.0,0.04
1320,Billy Currington,448.7,1.0,0.09
1321,Grimes,448.6,0.0,0.17
1322,Anaïs Delva,447.9,1.0,0.05
1323,Jaden Smith,447.9,1.0,0.04
1324,MC Guimê,446.9,1.0,0.03
1325,Vald,446.5,1.0,0.04
1326,Grace,446.1,1.0,0.07
1327,Alligatoah,445.7,0.0,0.07
1328,Chance the Rapper,445.4,1.0,0.05
1329,Sugarland,442.3,1.0,0.07
1330,Salmo,439.7,0.0,0.09
1331,Konshens,439.7,1.0,0.06
1332,Ofenbach,439.2,2.0,0.08
1333,Whitesnake,438.0,2.0,0.09
1334,Eve,437.8,1.0,0.16
1335,Simple Minds,434.8,1.0,0.16
1336,Rob Zombie,433.3,1.0,0.13
1337,Lalo Ebratt,431.7,1.0,0.06
1338,Paloma Faith,430.3,1.0,0.37
1339,Güliz Ayla,428.1,2.0,0.05
1340,Francesco Gabbani,427.9,1.0,0.03
1341,Yinglee Srijumpol,427.3,1.0,0.04
1342,Banda Vingadora,426.1,1.0,0.05
1343,Chung Ha,424.7,0.0,0.05
1344,December Avenue,424.0,2.0,0.13
1345,Jojo Maronttinni,423.0,1.0,0.03
1346,Aaliyah,422.4,0.0,0.03
1347,Skylar Grey,421.7,1.0,0.06
1348,K-Ci & JoJo,420.4,1.0,0.11
1349,Jay Rock,419.6,1.0,0.05
1350,Tyrese,418.8,1.0,0.14
1351,Maejor Ali,418.3,1.0,0.03
1352,Anastacia,417.9,0.0,0.13
1353,Elettra Lamborghini,417.1,1.0,0.05
1354,Onze:20,416.1,0.0,0.04
1355,Janet Jackson,416.0,0.0,0.21
1356,Rei,414.9,1.0,0.88
1357,Lil' Kleine,413.2,0.0,0.03
1358,Veysel,412.2,0.0,0.06
1359,Toygar Işıklı,411.2,1.0,0.11
1360,Route 94,410.2,1.0,0.11
1361,Sheck Wes,409.6,1.0,0.1
1362,3OH!3,409.4,1.0,0.03
1363,P-HOT,408.5,1.0,0.05
1364,Aastha Gill,404.9,1.0,0.13
1365,Counting Crows,401.9,1.0,0.13
1366,Max Pezzali,400.7,0.0,0.12
1367,Bella Thorne,400.4,1.0,0.02
1368,Cher,400.0,1.0,0.4
1369,Eypio,399.1,1.0,0.06
1370,Metro Boomin,398.6,0.0,1.0
1371,Tokio Hotel,398.4,0.0,0.05
1372,Vanessa Carlton,397.9,1.0,0.09
1373,Eva Simons,396.7,1.0,0.04
1374,Łobuzy,396.5,2.0,0.11
1375,Mario Bautista,395.8,1.0,0.08
1376,Village People,395.6,1.0,0.07
1377,Example,394.5,1.0,0.04
1378,Thegiornalisti,394.3,1.0,0.07
1379,Massive Attack,394.0,0.0,0.08
1380,Tom Petty,393.4,1.0,0.12
1381,Sarah Connor,391.6,0.0,0.08
1382,Emeli Sandé,391.6,0.0,0.04
1383,Grebz,390.1,1.0,0.04
1384,Lamyai Haithongkham,390.0,1.0,0.02
1385,Infinite,388.1,0.0,0.04
1386,The Band Perry,387.9,1.0,0.05
1387,MC Tati Zaqui,387.8,0.0,0.02
1388,Shivam Pathak,385.5,1.0,0.1
1389,Lifehouse,384.7,1.0,0.06
1390,Azealia Banks,383.3,1.0,0.03
1391,VIXX,382.6,0.0,0.03
1392,Normani,382.0,2.0,0.14
1393,Lupe Fiasco,381.8,1.0,0.04
1394,Nargiz,381.2,1.0,0.05
1395,Natalie Imbruglia,380.2,1.0,0.11
1396,Jazmine Sullivan,378.7,0.0,0.17
1397,Thepparit Imsudsumran,377.4,1.0,0.03
1398,Nek,373.9,1.0,0.1
1399,Vitaa,373.6,1.0,0.07
1400,Kavinsky,371.0,1.0,0.08
1401,American Authors,369.2,1.0,0.05
1402,Dosseh,367.9,0.0,0.04
1403,James Morrison,367.5,1.0,0.04
1404,Namika,367.4,1.0,0.05
1405,La Ley,367.0,1.0,0.08
1406,Gesu no Kiwami Otome,366.1,0.0,0.03
1407,Kelsea Ballerini,365.9,0.0,0.09
1408,Tom and Angela,365.1,1.0,0.01
1409,K.Will,364.5,1.0,0.09
1410,Giorgia,363.7,0.0,0.05
1411,Woodkid,363.1,1.0,0.08
1412,Beck,361.9,1.0,0.08
1413,Bomfunk MC's,361.5,1.0,0.12
1414,Enigma,360.2,1.0,0.11
1415,Gnarls Barkley,358.1,2.0,0.24
1416,Alice Cooper,358.0,1.0,0.08
1417,Guru Josh,357.7,1.0,0.1
1418,Matt Hunter,357.7,1.0,0.02
1419,Alice Merton,357.1,1.0,0.08
1420,Cassie,356.8,1.0,0.1
1421,Seeed,356.5,0.0,0.06
1422,Bad Meets Evil,353.9,2.0,0.06
1423,Marc Seguí,353.6,1.0,0.29
1424,Rebecca Black,353.6,1.0,0.02
1425,Ruth B,353.5,1.0,0.11
1426,London Grammar,352.9,0.0,0.09
1427,Priyanka Chopra,351.9,1.0,0.05
1428,RUN-DMC,350.9,1.0,0.09
1429,Arizona Zervas,350.8,1.0,0.1
1430,Warren G,350.7,1.0,0.1
1431,Mika Singh,350.3,1.0,0.08
1432,Margaret,349.8,0.0,0.04
1433,Twister El Rey,347.7,1.0,0.04
1434,Technotronic,347.1,1.0,0.12
1435,Kate Bush,346.2,1.0,0.26
1436,Gianluca Vacchi,345.6,1.0,0.03
1437,Hurts,343.4,0.0,0.05
1438,Amy Macdonald,340.6,1.0,0.12
1439,Farid Bang,340.5,0.0,0.04
1440,Claudio Capéo,339.4,1.0,0.07
1441,Sage The Gemini,339.0,2.0,0.02
1442,Icona Pop,336.9,1.0,0.05
1443,Apocalyptica,335.4,0.0,0.12
1444,Ketsumeishi,335.0,2.0,0.06
1445,MC João,331.9,1.0,0.03
1446,Superfly,329.9,1.0,0.07
1447,Lena,329.0,0.0,0.03
1448,Tacabro,326.7,2.0,0.05
1449,Yohani,326.4,1.0,0.07
1450,Sukima Switch,325.8,1.0,0.06
1451,Natasha Bedingfield,323.2,1.0,0.06
1452,Janelle Monáe,320.7,0.0,0.04
1453,Wagakki Band,319.8,1.0,0.04
1454,Feder,318.0,2.0,0.06
1455,CLC,317.5,0.0,0.03
1456,Klingande,316.4,1.0,0.02
1457,Ryan Higa,314.0,0.0,0.01
1458,Adel Tawil,312.8,0.0,0.04
1459,Echosmith,312.5,1.0,0.05
1460,Misia,311.8,0.0,0.08
1461,Alien Ant Farm,311.5,1.0,0.11
1462,Wyclef Jean,310.9,2.0,0.09
1463,Cee Lo Green,310.2,1.0,0.03
1464,Ronnie Flex,307.2,0.0,0.02
1465,Evaluna Montaner,306.5,2.0,0.03
1466,Paolo Nutini,306.1,0.0,0.06
1467,Robyn,306.0,0.0,0.04
1468,Claudia Leitte,305.4,0.0,0.03
1469,Elle King,304.5,1.0,0.1
1470,Salt-N-Pepa,304.3,2.0,0.08
1471,Vanessa Hudgens,303.0,1.0,0.01
1472,Lykke Li,302.5,0.0,0.03
1473,Ashley Tisdale,302.5,0.0,0.01
1474,Francesco Renga,302.1,0.0,0.03
1475,Jidenna,301.4,0.0,0.03
1476,MC Gui,301.3,0.0,0.01
1477,Rednex,300.6,1.0,0.13
1478,Belinda,299.8,0.0,0.06
1479,Die Toten Hosen,297.7,0.0,0.08
1480,Pacheco,295.6,1.0,0.02
1481,Ermal Meta,294.6,0.0,0.04
1482,Shontelle,293.7,1.0,0.04
1483,The Veronicas,293.5,1.0,0.05
1484,Israel Novaes,293.3,0.0,0.02
1485,The-Dream,292.2,0.0,0.06
1486,Olexesh,290.8,1.0,0.04
1487,Manu Gavassi,289.6,0.0,0.02
1488,DJ Sem,288.6,1.0,0.02
1489,Gianluca Grignani,287.2,1.0,0.34
1490,Flower,287.1,0.0,0.06
1491,Bausa,286.0,1.0,0.04
1492,Hooverphonic,285.6,1.0,0.1
1493,Trịnh Đình Quang,285.1,1.0,0.02
1494,Kelis,284.3,0.0,0.06
1495,Near,283.2,1.0,0.04
1496,O-Zone,282.7,1.0,0.12
1497,Robert Miles,282.1,1.0,0.1
1498,Chyno Miranda,281.9,1.0,0.02
1499,Afroman,280.8,1.0,0.11
1500,Aloe Blacc,280.0,0.0,0.03
1501,Estelle,279.8,1.0,0.08
1502,Kardinal Offishall,279.5,1.0,0.09
1503,Brandon Beal,279.5,1.0,0.05
1504,BoA,279.3,0.0,0.05
1505,Cleopatra Stratan,278.9,0.0,0.08
1506,Stereoact,277.7,1.0,0.03
1507,Veysel Mutlu,277.4,1.0,0.03
1508,Isyana Sarasvati,276.4,1.0,0.05
1509,Jeff Buckley,273.4,1.0,0.05
1510,Plain White T's,272.2,0.0,0.03
1511,Darude,270.2,1.0,0.06
1512,N.E.R.D,268.5,1.0,0.03
1513,Natalie La Rose,268.4,1.0,0.02
1514,MCs Pikeno e Menor,268.4,1.0,0.0
1515,Midnight Oil,267.3,1.0,0.08
1516,Charly Black,266.2,0.0,0.05
1517,Daniel Powter,266.0,1.0,0.07
1518,Arcade Fire,265.1,0.0,0.05
1519,Hunter Hayes,264.7,0.0,0.04
1520,Anastasija Ražnatović,264.6,0.0,0.03
1521,Faithless,264.1,1.0,0.16
1522,Doğukan Manço,264.1,1.0,0.02
1523,After School,261.1,1.0,0.08
1524,Paweł Domagała,259.8,1.0,0.03
1525,Marteria,258.7,0.0,0.02
1526,Kristína,258.3,0.0,0.02
1527,Anahí,256.1,0.0,0.11
1528,Phillip Phillips,254.8,1.0,0.04
1529,NU'EST,253.4,1.0,0.04
1530,Clementino,253.4,0.0,0.02
1531,Ayse Hatun Önal,252.0,1.0,0.02
1532,David Bowie,251.9,0.0,0.05
1533,Cobra Starship,251.2,1.0,0.02
1534,Spyair,249.3,0.0,0.05
1535,Ella Henderson,248.1,1.0,0.02
1536,Wheatus,246.4,1.0,0.08
1537,Hanson,244.0,1.0,0.05
1538,Dev,243.8,0.0,0.01
1539,B.A.P,242.6,0.0,0.02
1540,Francesca Michielin,241.2,0.0,0.03
1541,Nick Cave & The Bad Seeds,240.2,0.0,0.07
1542,Hoa Vinh,239.2,1.0,0.12
1543,Kiiara,237.8,1.0,0.04
1544,Mylène Farmer,237.6,0.0,0.09
1545,Ayaka,237.2,0.0,0.03
1546,Tay Zonday,236.3,1.0,0.01
1547,Giusy Ferreri,234.7,0.0,0.04
1548,Alle Farben,233.5,0.0,0.02
1549,I LOVE MAKONNEN,233.2,1.0,0.04
1550,Marvin Gaye,233.0,1.0,0.08
1551,Paul McCartney,232.4,0.0,0.1
1552,Max Gazzè,232.3,0.0,0.03
1553,Kwabs,232.0,1.0,0.03
1554,Cesare Cremonini,231.4,0.0,0.06
1555,Ráfaga,230.4,0.0,0.05
1556,Yeah Yeah Yeahs,230.3,0.0,0.08
1557,Ghetto Phénomène,230.1,1.0,0.02
1558,Willow Smith,230.0,1.0,0.1
1559,MC Lon,229.3,0.0,0.02
1560,La Joaqui,229.1,0.0,1.75
1561,Martin Tungevaag,227.6,1.0,0.02
1562,Glasperlenspiel,226.6,1.0,0.03
1563,Daya,222.6,0.0,0.02
1564,HAIM,220.4,0.0,0.03
1565,Max Giesinger,219.7,0.0,0.03
1566,amazarashi,219.6,0.0,0.05
1567,Gestört aber GeiL,219.2,0.0,0.02
1568,Alex Mica,217.4,1.0,0.02
1569,GloRilla,216.5,0.0,0.86
1570,Steps,215.4,0.0,0.11
1571,Juan Karlos,213.4,1.0,0.04
1572,Xantos,212.7,1.0,0.03
1573,David Archuleta,212.6,1.0,0.04
1574,Pardison Fontaine,210.2,1.0,0.04
1575,Soul Asylum,209.5,1.0,0.07
1576,Crayon Pop,208.6,0.0,0.02
1577,Dulce María,207.3,0.0,0.03
1578,Loreen,207.3,1.0,0.03
1579,MC Bin Laden,206.4,1.0,0.01
1580,Valesca Popozuda,206.0,1.0,0.02
1581,Snakehips,205.9,0.0,0.02
1582,Pietro Lombardi,204.1,0.0,0.02
1583,Duffy,203.2,0.0,0.02
1584,Psirico,201.1,1.0,0.04
1585,Alex Clare,200.8,0.0,0.02
1586,The Avener,200.5,0.0,0.04
